PDT,Max TemperatureF,Mean TemperatureF,Min TemperatureF,Max Dew PointF,MeanDew PointF,Min DewpointF,Max Humidity, Mean Humidity, Min Humidity, Max Sea Level PressureIn, Mean Sea Level PressureIn, Min Sea Level PressureIn, Max VisibilityMiles, Mean VisibilityMiles, Min VisibilityMiles, Max Wind SpeedMPH, Mean Wind SpeedMPH, Max Gust SpeedMPH,PrecipitationIn, CloudCover, Events, WindDirDegrees,ZIP
2016-04-01,63,58,53,48,47,46,83,70,56,30.22,30.18,30.14,10.0,10.0,10.0,20,13,23.0,0,4,,264,94107
2016-04-02,69,60,51,50,47,46,89,70,51,30.22,30.17,30.11,10.0,10.0,10.0,22,8,24.0,0,6,,270,94107
2016-04-03,63,57,51,51,48,46,89,75,60,30.16,30.13,30.11,10.0,10.0,8.0,22,9,24.0,0,6,,268,94107
2016-04-04,68,61,54,52,50,48,86,68,49,30.25,30.2,30.16,10.0,9.0,2.0,16,6,20.0,0,4,,228,94107
2016-04-05,79,64,48,52,46,39,89,60,31,30.25,30.18,30.09,10.0,10.0,7.0,16,6,18.0,0,1,,277,94107
2016-04-06,86,72,57,55,48,43,68,48,28,30.13,30.05,29.94,10.0,10.0,10.0,14,6,17.0,0,3,,154,94107
2016-04-07,72,65,57,53,50,47,78,60,41,29.97,29.94,29.91,10.0,10.0,10.0,18,9,21.0,0,7,,317,94107
2016-04-08,68,63,57,56,54,52,87,75,63,29.92,29.89,29.87,10.0,9.0,6.0,15,8,20.0,T,8,Rain,295,94107
2016-04-09,64,61,58,61,56,54,100,89,78,29.95,29.91,29.88,10.0,7.0,2.0,15,7,17.0,0,8,Rain,273,94107
2016-04-10,59,57,55,55,51,49,93,83,72,30.01,29.92,29.87,10.0,8.0,2.0,16,10,19.0,0,8,Rain,256,94107
2016-04-11,66,60,54,52,50,48,83,70,56,30.17,30.09,30.01,10.0,9.0,4.0,15,8,18.0,0,7,,239,94107
2016-04-12,63,59,54,52,48,46,77,67,56,30.25,30.2,30.16,10.0,10.0,10.0,21,11,25.0,0,6,,262,94107
2016-04-13,65,60,54,50,47,45,77,65,52,30.23,30.18,30.1,10.0,10.0,10.0,21,11,25.0,0,4,,262,94107
2016-04-14,65,57,49,53,45,38,80,64,48,30.17,30.12,30.07,10.0,9.0,2.0,28,15,32.0,0,4,Rain,280,94107
2016-04-15,70,60,50,46,42,39,72,53,33,30.16,30.12,30.07,10.0,10.0,10.0,23,11,27.0,0,1,,311,94107
2016-04-16,80,64,48,51,45,39,77,52,26,30.12,30.08,30.03,10.0,10.0,10.0,16,6,19.0,0,1,,285,94107
2016-04-17,81,67,52,53,46,42,77,54,30,30.06,30.02,29.98,10.0,10.0,10.0,14,5,16.0,0,1,,314,94107
2016-04-18,81,67,53,54,46,40,77,53,28,30.07,30.03,30.01,10.0,10.0,10.0,18,6,22.0,0,3,,304,94107
2016-04-19,79,66,53,52,44,32,67,45,22,30.03,29.96,29.89,10.0,10.0,10.0,21,6,25.0,0,5,,323,94107
2016-04-20,74,62,49,56,47,34,78,52,26,29.97,29.94,29.92,10.0,10.0,10.0,21,8,24.0,0,3,,302,94107
2016-04-21,76,67,58,55,54,52,86,68,49,29.94,29.9,29.87,10.0,10.0,10.0,23,10,28.0,0,7,Rain,222,94107
2016-04-22,65,61,57,55,50,45,84,66,48,30.11,29.91,29.81,10.0,10.0,5.0,29,19,35.0,0,6,Rain,233,94107
2016-04-23,67,59,50,50,48,46,83,66,48,30.22,30.17,30.12,10.0,10.0,10.0,24,11,30.0,0,2,,287,94107
2016-04-24,69,61,52,49,45,39,83,64,45,30.12,30.04,29.96,10.0,10.0,10.0,32,15,37.0,0,4,,293,94107
2016-04-25,68,59,50,46,38,31,72,53,34,30.05,30.03,30.01,10.0,10.0,10.0,25,13,29.0,0,1,,291,94107
2016-04-26,66,57,47,46,44,40,83,64,44,30.09,30.06,30.04,10.0,10.0,10.0,26,11,30.0,0,4,,243,94107
2016-04-27,65,60,54,53,48,40,93,73,52,30.05,29.95,29.86,10.0,8.0,1.0,30,15,34.0,0,5,Rain,263,94107
2016-04-28,68,58,48,50,47,43,77,65,52,29.98,29.92,29.88,10.0,10.0,9.0,21,9,24.0,0,1,,262,94107
2016-04-29,66,59,52,50,47,45,83,68,52,30.07,30.0,29.92,10.0,10.0,9.0,25,12,30.0,0,4,,226,94107
2016-04-30,82,69,55,50,43,38,66,44,21,29.94,29.88,29.81,10.0,10.0,10.0,21,10,26.0,0,0,,321,94107
2016-05-01,80,68,55,51,48,44,86,58,30,29.96,29.85,29.8,10.0,10.0,9.0,16,8,21.0,0,1,,287,94107
2016-05-02,68,61,53,52,50,49,89,72,55,30.07,30.03,29.96,10.0,10.0,7.0,21,10,24.0,0,4,,310,94107
2016-05-03,69,62,54,52,50,49,83,68,53,30.05,29.98,29.92,10.0,10.0,7.0,17,8,19.0,0,7,,284,94107
2016-05-04,69,63,56,52,50,49,83,68,52,29.94,29.9,29.86,10.0,10.0,10.0,17,9,22.0,0,7,,278,94107
2016-05-05,68,63,57,52,50,49,80,68,56,29.89,29.87,29.85,10.0,10.0,10.0,16,9,19.0,0,7,,241,94107
2016-05-06,60,58,56,56,51,49,93,83,72,29.91,29.87,29.85,10.0,10.0,5.0,16,7,20.0,0,7,Rain,260,94107
2016-05-07,62,60,57,53,52,50,80,76,72,30.0,29.95,29.9,10.0,10.0,10.0,12,6,14.0,0,8,Rain,280,94107
2016-05-08,67,62,56,57,53,50,100,79,58,30.0,29.97,29.95,10.0,10.0,8.0,17,9,20.0,0,6,Rain,290,94107
2016-05-09,66,60,54,51,49,48,83,72,60,30.0,29.98,29.95,10.0,10.0,7.0,21,11,23.0,0,6,,278,94107
2016-05-10,68,61,54,52,50,49,89,74,58,30.02,29.99,29.96,10.0,10.0,7.0,21,8,24.0,0,5,,277,94107
2016-05-11,67,60,53,51,50,48,89,73,56,30.07,30.03,30.0,10.0,10.0,10.0,18,10,22.0,0,4,,299,94107
2016-05-12,66,60,53,50,49,48,83,70,56,30.08,30.05,30.01,10.0,10.0,10.0,20,11,23.0,0,5,,290,94107
2016-05-13,67,62,57,49,48,45,72,60,48,30.05,30.02,30.0,10.0,10.0,10.0,22,12,25.0,0,5,,272,94107
2016-05-14,71,64,57,55,50,45,78,68,57,30.09,30.04,30.0,10.0,10.0,10.0,21,10,23.0,0,6,,248,94107
2016-05-15,69,63,57,54,52,51,80,69,58,30.0,29.98,29.95,10.0,10.0,10.0,22,12,26.0,0,4,,263,94107
2016-05-16,73,65,56,53,51,50,86,68,49,30.01,29.96,29.91,10.0,10.0,10.0,20,8,23.0,0,3,,243,94107
2016-05-17,88,70,52,56,52,44,83,53,23,29.94,29.91,29.88,10.0,10.0,9.0,20,7,22.0,0,0,,271,94107
2016-05-18,76,67,57,55,53,50,84,67,49,29.99,29.94,29.9,10.0,10.0,8.0,23,10,25.0,0,1,,291,94107
2016-05-19,67,61,55,50,48,46,77,63,48,29.93,29.87,29.75,10.0,10.0,10.0,32,18,36.0,0,6,,256,94107
2016-05-20,64,59,53,47,45,44,72,62,52,29.95,29.85,29.75,10.0,10.0,10.0,30,22,36.0,0,4,,267,94107
2016-05-21,68,62,55,48,46,44,72,60,48,30.09,30.02,29.95,10.0,10.0,10.0,20,11,24.0,0,6,,261,94107
2016-05-22,68,62,56,49,47,45,77,63,48,30.13,30.08,30.03,10.0,10.0,10.0,22,12,24.0,0,5,,264,94107
2016-05-23,68,62,55,52,49,47,80,66,52,30.01,29.96,29.91,10.0,10.0,10.0,20,13,23.0,T,6,,267,94107
2016-05-24,65,61,57,50,49,48,77,67,56,30.06,29.98,29.9,10.0,10.0,10.0,20,14,31.0,T,8,,261,94107
2016-05-25,66,62,57,52,50,49,77,69,60,30.14,30.11,30.06,10.0,10.0,10.0,22,13,27.0,T,7,,260,94107
2016-05-26,70,63,55,52,50,48,80,68,55,30.13,30.07,30.01,10.0,10.0,10.0,20,10,24.0,0,4,,239,94107
2016-05-27,75,64,53,52,50,47,83,65,46,30.0,29.93,29.84,10.0,10.0,9.0,17,8,19.0,0,2,,269,94107
2016-05-28,82,69,56,53,49,43,86,57,28,29.9,29.84,29.81,10.0,10.0,9.0,17,7,20.0,0,4,,296,94107
2016-05-29,73,64,55,52,51,48,86,67,47,30.0,29.96,29.9,10.0,10.0,8.0,22,9,26.0,T,1,,309,94107
2016-05-30,73,64,54,54,52,49,86,68,49,30.01,29.97,29.92,10.0,10.0,7.0,18,8,21.0,T,4,,310,94107
2016-05-31,77,66,54,55,53,50,86,65,43,29.92,29.86,29.8,10.0,10.0,9.0,18,8,21.0,0,1,,297,94107
2016-06-01,71,63,54,54,53,50,86,72,57,29.95,29.89,29.83,10.0,10.0,10.0,21,11,25.0,0,3,,313,94107
2016-06-02,76,67,57,54,53,52,86,66,46,30.01,29.98,29.94,10.0,10.0,7.0,17,8,20.0,0,4,,311,94107
2016-06-03,89,72,54,57,53,50,86,58,29,30.0,29.95,29.9,10.0,10.0,10.0,17,7,21.0,0,3,,295,94107
2016-06-04,77,67,57,57,55,53,86,68,50,29.92,29.89,29.86,10.0,10.0,10.0,23,9,27.0,0,5,,306,94107
2016-06-05,75,65,55,53,52,50,86,65,44,29.93,29.88,29.83,10.0,10.0,5.0,22,10,24.0,0,4,,307,94107
2016-06-06,68,62,55,54,53,51,86,75,63,29.88,29.84,29.81,10.0,10.0,10.0,22,11,25.0,0,5,,291,94107
2016-06-07,70,65,59,55,54,53,80,69,57,29.97,29.91,29.86,10.0,10.0,10.0,24,14,27.0,0,7,,282,94107
2016-06-08,70,65,59,54,53,51,80,67,53,29.98,29.95,29.93,10.0,10.0,7.0,22,14,27.0,T,7,,263,94107
2016-06-09,66,63,59,53,52,51,75,69,63,29.99,29.95,29.92,10.0,10.0,7.0,20,13,24.0,T,7,,263,94107
2016-06-10,70,63,55,52,50,48,80,64,47,30.03,29.97,29.91,10.0,10.0,10.0,24,12,31.0,0,3,,250,94107
2016-06-11,82,67,51,52,49,45,83,57,30,29.95,29.92,29.88,10.0,10.0,10.0,17,9,21.0,0,2,,286,94107
2016-06-12,76,66,55,54,52,50,83,65,46,30.08,30.01,29.91,10.0,10.0,7.0,18,8,22.0,0,1,,326,94107
2016-06-13,67,62,57,52,50,49,80,66,52,30.12,30.08,30.03,10.0,10.0,10.0,32,15,37.0,0,4,,274,94107
2016-06-14,68,62,56,50,47,45,77,63,48,30.05,30.01,29.96,10.0,10.0,10.0,31,20,36.0,0,3,,266,94107
2016-06-15,67,61,55,49,46,44,72,59,45,30.09,30.02,29.93,10.0,10.0,10.0,32,19,37.0,0,2,,269,94107
2016-06-16,73,66,58,54,49,44,72,58,44,30.1,30.08,30.04,10.0,10.0,10.0,20,9,23.0,0,4,,249,94107
2016-06-17,72,66,59,57,54,52,78,66,53,30.1,30.06,30.02,10.0,10.0,10.0,18,9,22.0,T,6,Rain,219,94107
2016-06-18,76,67,57,54,50,47,75,56,36,30.2,30.14,30.09,10.0,10.0,10.0,23,10,26.0,0,2,,284,94107
2016-06-19,87,72,56,53,50,37,75,46,17,30.11,30.05,30.0,10.0,10.0,10.0,20,9,26.0,0,2,,299,94107
2016-06-20,75,65,54,53,51,48,83,62,41,30.08,30.05,30.02,10.0,10.0,10.0,18,9,21.0,0,2,,285,94107
2016-06-21,80,67,54,54,51,50,83,61,39,30.05,30.01,29.96,10.0,10.0,9.0,21,10,26.0,0,1,,289,94107
2016-06-22,67,61,54,51,51,50,83,71,58,30.03,30.01,29.98,10.0,10.0,10.0,18,10,24.0,0,3,,266,94107
2016-06-23,73,64,55,54,51,48,83,64,44,30.09,30.06,30.02,10.0,10.0,10.0,18,9,25.0,0,2,,268,94107
2016-06-24,75,66,56,54,52,50,86,65,43,30.1,30.05,29.98,10.0,10.0,10.0,17,9,22.0,0,3,,260,94107
2016-06-25,79,67,55,55,52,51,80,60,39,29.99,29.96,29.92,10.0,10.0,10.0,21,9,23.0,0,0,,286,94107
2016-06-26,78,67,55,53,52,50,80,61,41,30.0,29.97,29.94,10.0,10.0,8.0,18,10,21.0,0,1,,291,94107
2016-06-27,75,65,54,53,51,49,83,65,46,30.03,29.99,29.94,10.0,10.0,10.0,20,9,22.0,0,0,,291,94107
2016-06-28,72,64,55,52,51,50,80,65,49,30.01,29.98,29.94,10.0,10.0,7.0,22,10,26.0,0,1,,291,94107
2016-06-29,64,59,54,51,50,50,86,76,65,30.02,29.97,29.93,10.0,9.0,7.0,21,9,24.0,0,6,,283,94107
2016-06-30,74,65,56,53,51,49,80,65,49,29.93,29.88,29.81,10.0,9.0,7.0,18,9,21.0,0,3,,265,94107
2016-04-01,64,57,50,48,47,45,87,65,49,30.23,30.19,30.16,10.0,10.0,10.0,12,7,22.0,0,2,,281,94063
2016-04-02,68,60,51,54,49,46,82,72,56,30.22,30.16,30.1,10.0,10.0,10.0,15,4,,0,5,,342,94063
2016-04-03,66,58,50,52,48,37,94,71,37,30.15,30.13,30.1,10.0,10.0,10.0,14,8,18.0,0,6,,303,94063
2016-04-04,68,60,53,54,47,41,88,58,43,30.25,30.22,30.18,10.0,10.0,10.0,15,6,16.0,0,2,,287,94063
2016-04-05,78,64,50,48,40,32,82,40,23,30.26,30.16,30.09,10.0,10.0,9.0,12,2,,0,0,,300,94063
2016-04-06,84,70,55,63,49,45,83,57,30,30.14,30.07,29.96,10.0,10.0,10.0,5,1,,0,1,,236,94063
2016-04-07,71,66,60,59,52,46,83,64,49,29.98,29.95,29.9,10.0,10.0,10.0,13,3,18.0,0,2,,294,94063
2016-04-08,66,62,59,57,55,52,94,82,68,29.93,29.9,29.87,10.0,9.0,3.0,12,4,,0.14,5,Rain,261,94063
2016-04-09,62,60,57,59,56,54,100,93,77,29.96,29.91,29.88,10.0,8.0,5.0,12,2,,0.12,8,Rain,309,94063
2016-04-10,57,55,53,55,53,50,100,90,77,30.03,29.93,29.88,10.0,8.0,2.0,9,3,,0.1,8,Rain,278,94063
2016-04-11,62,58,53,52,50,48,88,80,63,30.18,30.09,30.03,10.0,10.0,10.0,12,3,,0,6,,265,94063
2016-04-12,60,56,53,52,48,46,88,77,63,30.26,30.21,30.17,10.0,10.0,10.0,14,6,17.0,0,6,,272,94063
2016-04-13,64,58,53,50,46,39,82,70,40,30.25,30.19,30.09,10.0,10.0,10.0,16,7,21.0,0,3,,271,94063
2016-04-14,62,56,50,52,44,39,94,69,42,30.18,30.13,30.07,10.0,9.0,3.0,20,9,28.0,0.04,4,Rain,270,94063
2016-04-15,66,58,50,45,41,36,82,60,32,30.18,30.14,30.09,10.0,10.0,10.0,21,9,25.0,0,0,,301,94063
2016-04-16,80,65,50,48,41,32,76,51,21,30.12,30.09,30.04,10.0,10.0,10.0,8,1,,0,0,,305,94063
2016-04-17,82,68,53,54,43,39,77,49,23,30.07,30.03,29.98,10.0,10.0,10.0,9,1,,0,0,,295,94063
2016-04-18,84,70,55,55,43,32,72,49,16,30.08,30.04,30.01,10.0,10.0,10.0,13,2,,0,1,,309,94063
2016-04-19,80,68,55,50,40,23,67,45,13,30.04,29.98,29.89,10.0,10.0,10.0,9,2,,0,2,,269,94063
2016-04-20,73,62,50,57,44,32,82,59,22,29.97,29.94,29.92,10.0,10.0,10.0,16,3,22.0,0,1,,269,94063
2016-04-21,71,65,59,57,54,50,88,75,53,29.95,29.91,29.88,10.0,10.0,8.0,16,4,23.0,0,4,Rain,217,94063
2016-04-22,62,58,55,55,51,45,94,76,59,30.13,29.93,29.83,10.0,9.0,2.0,20,11,28.0,0,6,Rain,208,94063
2016-04-23,66,58,51,50,48,46,82,74,49,30.22,30.17,30.13,10.0,10.0,10.0,16,6,18.0,0,1,,286,94063
2016-04-24,64,58,51,50,46,39,82,69,45,30.15,30.07,30.0,10.0,10.0,10.0,31,10,44.0,0,3,,290,94063
2016-04-25,62,55,48,45,38,34,72,58,37,30.07,30.04,30.02,10.0,10.0,10.0,25,13,31.0,0,0,,293,94063
2016-04-26,62,54,46,50,43,39,81,70,45,30.1,30.07,30.05,10.0,10.0,9.0,23,5,28.0,0,2,,272,94063
2016-04-27,59,55,51,54,47,41,88,75,51,30.09,29.98,29.89,10.0,10.0,9.0,25,9,34.0,0,3,,273,94063
2016-04-28,69,60,50,50,46,45,82,73,43,30.0,29.93,29.89,10.0,10.0,9.0,20,8,25.0,0,0,,282,94063
2016-04-29,64,56,48,48,46,45,87,74,49,30.06,30.0,29.94,10.0,10.0,9.0,25,8,32.0,0,3,,276,94063
2016-04-30,75,62,50,46,41,36,77,49,25,29.96,29.9,29.82,10.0,10.0,10.0,15,7,21.0,0,0,,307,94063
2016-05-01,80,68,55,54,46,41,77,53,28,29.97,29.86,29.81,10.0,10.0,9.0,14,3,18.0,0,0,,300,94063
2016-05-02,68,60,53,54,50,48,88,78,60,30.07,30.02,29.97,10.0,9.0,7.0,13,3,,0,3,,329,94063
2016-05-03,71,63,55,54,51,48,94,78,43,30.06,29.99,29.91,10.0,10.0,7.0,9,4,,0,6,,343,94063
2016-05-04,68,62,55,54,50,48,82,74,52,29.94,29.9,29.85,10.0,10.0,10.0,15,7,18.0,0,6,,289,94063
2016-05-05,64,60,55,54,50,48,88,72,59,29.91,29.88,29.86,10.0,10.0,10.0,12,4,20.0,0,5,,249,94063
2016-05-06,59,57,55,54,51,48,88,80,72,29.91,29.88,29.85,10.0,10.0,5.0,12,6,,0,7,Rain,283,94063
2016-05-07,62,58,55,55,52,50,88,81,63,30.0,29.94,29.9,10.0,10.0,7.0,7,2,,0,7,Rain,269,94063
2016-05-08,66,60,55,55,53,50,94,83,64,30.0,29.98,29.95,10.0,10.0,10.0,13,3,16.0,0,7,Rain,293,94063
2016-05-09,66,60,53,54,50,48,88,79,59,30.0,29.98,29.94,10.0,10.0,9.0,13,7,,0,5,,280,94063
2016-05-10,71,62,53,59,52,48,94,82,57,30.02,29.99,29.95,10.0,9.0,5.0,9,4,,0,5,,312,94063
2016-05-11,68,60,53,57,52,50,100,84,60,30.07,30.03,30.0,10.0,9.0,2.0,14,4,,0,3,,333,94063
2016-05-12,55,54,53,52,50,50,88,85,82,30.07,30.05,30.03,10.0,10.0,9.0,10,4,,0,5,,312,94063
2016-05-13,64,60,55,50,49,46,82,75,55,30.06,30.03,30.0,10.0,10.0,10.0,17,7,25.0,0,5,,269,94063
2016-05-14,69,60,50,55,50,45,87,73,56,30.09,30.05,30.01,10.0,10.0,10.0,15,4,18.0,0,5,,265,94063
2016-05-15,68,62,55,54,52,50,88,77,56,30.02,30.0,29.97,10.0,10.0,10.0,17,9,23.0,0,5,,279,94063
2016-05-16,77,65,53,55,50,46,88,74,36,30.01,29.97,29.91,10.0,10.0,10.0,15,7,20.0,0,2,,275,94063
2016-05-17,87,71,55,57,50,41,88,62,21,29.95,29.92,29.89,10.0,10.0,8.0,14,3,16.0,0,1,,296,94063
2016-05-18,84,72,59,59,52,48,73,63,30,29.99,29.94,29.88,10.0,10.0,8.0,18,4,,0,0,,310,94063
2016-05-19,64,58,53,50,46,41,82,68,45,29.95,29.9,29.81,10.0,10.0,8.0,23,11,32.0,0,4,,264,94063
2016-05-20,59,55,51,46,44,41,76,68,55,29.97,29.87,29.81,10.0,10.0,10.0,22,13,31.0,0,4,,273,94063
2016-05-21,62,58,53,48,47,43,82,73,48,30.11,30.02,29.96,10.0,10.0,10.0,15,6,20.0,0,5,,264,94063
2016-05-22,64,57,50,50,48,46,87,76,52,30.13,30.09,30.05,10.0,10.0,10.0,14,4,20.0,0,4,,266,94063
2016-05-23,66,58,51,52,49,46,82,76,49,30.04,29.98,29.92,10.0,10.0,10.0,18,5,22.0,0,4,,256,94063
2016-05-24,64,60,55,50,49,48,82,75,56,30.08,29.98,29.92,10.0,10.0,10.0,14,7,23.0,0,7,,258,94063
2016-05-25,64,60,55,52,50,48,82,75,59,30.16,30.11,30.08,10.0,10.0,10.0,17,7,28.0,0,6,,260,94063
2016-05-26,68,62,55,54,49,46,82,73,52,30.16,30.08,30.02,10.0,10.0,10.0,20,7,24.0,0,4,,272,94063
2016-05-27,80,66,51,55,49,46,82,66,38,30.02,29.94,29.84,10.0,10.0,8.0,13,3,,0,1,,308,94063
2016-05-28,82,70,57,57,48,43,77,59,26,29.91,29.85,29.82,10.0,10.0,8.0,13,3,,0,1,,315,94063
2016-05-29,71,63,55,55,51,50,82,71,52,30.01,29.95,29.91,10.0,10.0,5.0,16,4,,0,2,,306,94063
2016-05-30,77,66,55,61,54,50,88,78,39,30.02,29.98,29.91,10.0,9.0,6.0,12,3,,0,4,,342,94063
2016-05-31,80,68,55,59,54,50,94,79,44,29.93,29.88,29.81,10.0,9.0,5.0,10,3,,0,1,,352,94063
2016-06-01,75,65,55,59,54,48,88,76,47,29.96,29.88,29.84,10.0,10.0,10.0,12,3,,0,1,,335,94063
2016-06-02,80,68,57,59,55,50,94,76,39,30.01,29.98,29.95,10.0,9.0,7.0,10,3,,0,4,,351,94063
2016-06-03,95,76,57,66,54,45,82,66,18,30.02,29.97,29.89,10.0,10.0,10.0,10,2,,0,1,,338,94063
2016-06-04,80,70,59,59,55,50,82,69,45,29.93,29.9,29.87,10.0,10.0,10.0,14,3,,0,2,,334,94063
2016-06-05,73,65,57,61,54,50,88,80,46,29.94,29.9,29.82,10.0,10.0,9.0,12,4,,0,3,,339,94063
2016-06-06,73,64,55,57,54,52,94,80,53,29.88,29.85,29.8,10.0,10.0,10.0,12,4,16.0,0,4,,324,94063
2016-06-07,71,65,59,61,55,54,88,79,53,29.98,29.91,29.87,10.0,10.0,10.0,17,6,20.0,0,6,,297,94063
2016-06-08,68,62,57,54,53,52,88,81,56,29.98,29.97,29.93,10.0,10.0,10.0,18,10,22.0,0,7,,276,94063
2016-06-09,66,62,57,54,53,50,88,77,64,30.0,29.96,29.93,10.0,10.0,10.0,18,7,24.0,0,5,,263,94063
2016-06-10,69,62,55,52,48,43,82,66,40,30.04,29.98,29.94,10.0,10.0,10.0,18,6,24.0,0,1,,269,94063
2016-06-11,84,68,53,50,46,41,82,58,23,29.96,29.93,29.88,10.0,10.0,10.0,16,4,20.0,0,2,,289,94063
2016-06-12,75,66,57,55,51,48,77,66,47,30.08,29.99,29.92,10.0,10.0,8.0,14,3,18.0,0,0,,295,94063
2016-06-13,66,62,57,54,50,46,82,70,52,30.12,30.08,30.06,10.0,10.0,7.0,22,6,31.0,0,3,,267,94063
2016-06-14,66,60,55,48,45,41,77,64,42,30.08,30.05,29.99,10.0,10.0,10.0,26,13,30.0,0,2,,265,94063
2016-06-15,64,58,53,50,45,41,77,65,48,30.11,30.03,29.96,10.0,10.0,10.0,21,13,31.0,0,1,,269,94063
2016-06-16,73,64,55,54,49,45,77,65,41,30.1,30.08,30.03,10.0,10.0,7.0,13,3,,0,4,,245,94063
2016-06-17,71,65,59,59,54,52,82,75,57,30.11,30.07,30.0,10.0,10.0,10.0,14,4,,0,5,,223,94063
2016-06-18,75,66,57,54,48,45,82,60,34,30.21,30.15,30.1,10.0,10.0,10.0,15,5,,0,3,,297,94063
2016-06-19,84,72,59,54,46,37,72,49,21,30.13,30.08,30.01,10.0,10.0,10.0,17,3,20.0,0,1,,312,94063
2016-06-20,84,70,57,55,45,36,72,52,21,30.09,30.06,30.02,10.0,10.0,8.0,14,4,16.0,0,1,,312,94063
2016-06-21,86,72,57,59,50,46,77,61,27,30.06,30.03,29.97,10.0,10.0,9.0,16,3,,0,0,,316,94063
2016-06-22,73,65,57,54,49,46,72,64,41,30.04,30.01,29.98,10.0,10.0,9.0,14,6,18.0,0,0,,285,94063
2016-06-23,77,66,55,55,50,46,82,65,34,30.11,30.08,30.04,10.0,10.0,8.0,23,5,28.0,0,0,,286,94063
2016-06-24,80,68,57,57,51,43,88,66,31,30.11,30.06,29.98,10.0,10.0,10.0,14,6,,0,0,,297,94063
2016-06-25,89,74,59,61,50,46,73,58,27,30.0,29.97,29.92,10.0,10.0,10.0,16,4,,0,0,,318,94063
2016-06-26,84,70,57,55,51,48,88,63,34,30.01,29.98,29.95,10.0,10.0,8.0,12,3,,0,0,,331,94063
2016-06-27,80,68,55,57,52,50,82,68,39,30.04,30.0,29.95,10.0,10.0,10.0,12,4,,0,0,,335,94063
2016-06-28,77,66,55,57,51,48,82,70,41,30.02,29.98,29.94,10.0,9.0,7.0,14,4,,0,0,,331,94063
2016-06-29,69,62,55,54,50,48,88,74,49,30.01,29.96,29.94,10.0,10.0,9.0,16,6,17.0,0,1,,301,94063
2016-06-30,80,68,55,59,52,50,94,74,37,29.94,29.89,29.81,10.0,9.0,5.0,13,4,,0,4,,298,94063
2016-04-01,64,53,42,52,50,41,93,75,64,30.22,30.18,30.15,10.0,10.0,10.0,18,9,23.0,0,1,,340,94301
2016-04-02,69,61,53,55,52,50,88,76,56,30.21,30.15,30.08,10.0,10.0,10.0,17,7,,0,4,,346,94301
2016-04-03,68,60,53,54,50,41,88,74,45,30.14,30.12,30.09,10.0,9.0,8.0,17,8,23.0,0,5,,327,94301
2016-04-04,69,60,50,55,51,45,94,66,43,30.25,30.21,30.17,10.0,10.0,10.0,21,7,23.0,0,2,,337,94301
2016-04-05,80,63,46,52,47,43,93,52,26,30.24,30.16,30.08,10.0,10.0,10.0,15,5,,0,0,,335,94301
2016-04-06,86,68,50,63,54,46,87,54,31,30.13,30.05,29.95,10.0,10.0,10.0,6,3,,0,2,,330,94301
2016-04-07,71,66,60,59,56,54,82,68,56,29.97,29.93,29.89,10.0,10.0,10.0,12,9,,0,7,,318,94301
2016-04-08,66,62,59,59,57,55,94,82,73,29.91,29.89,29.87,10.0,9.0,7.0,10,8,,0,8,Rain,336,94301
2016-04-09,62,60,59,61,59,57,94,92,88,29.94,29.92,29.87,10.0,8.0,7.0,12,6,,0,8,Rain,345,94301
2016-04-10,60,58,55,55,53,52,100,87,77,29.98,29.92,29.88,10.0,9.0,7.0,12,4,,0,8,Rain,285,94301
2016-04-11,68,62,55,55,53,50,88,75,63,30.14,30.1,30.05,10.0,10.0,10.0,12,6,,0,5,,265,94301
2016-04-12,62,58,53,52,50,48,94,75,63,30.25,30.22,30.18,10.0,10.0,10.0,14,7,,0,7,,287,94301
2016-04-13,68,60,53,54,48,39,82,62,42,30.21,30.17,30.12,15.0,11.0,10.0,18,7,,0,2,,336,94301
2016-04-14,64,57,50,48,46,43,87,62,45,30.17,30.14,30.12,10.0,10.0,10.0,23,11,23.0,0,2,,305,94301
2016-04-15,69,58,46,46,43,41,87,53,35,30.16,30.12,30.08,20.0,15.0,10.0,23,11,,0,0,,297,94301
2016-04-16,84,70,57,52,45,41,67,39,25,30.1,30.07,30.03,,,,14,5,,0,1,,342,94301
2016-04-17,84,70,57,59,52,45,73,53,30,30.03,30.0,29.97,10.0,10.0,10.0,13,4,,0,0,,1,94301
2016-04-18,86,68,50,55,52,46,87,53,32,30.07,30.03,30.0,10.0,10.0,10.0,21,6,,0,1,,354,94301
2016-04-19,80,66,51,54,47,41,77,49,26,29.98,29.95,29.9,10.0,10.0,10.0,14,5,,0,4,,341,94301
2016-04-20,75,62,50,57,47,41,77,50,36,29.96,29.94,29.91,10.0,10.0,10.0,16,7,,0,2,,333,94301
2016-04-21,73,66,59,57,56,54,88,71,53,29.91,29.89,29.86,10.0,10.0,10.0,17,8,,0,6,,247,94301
2016-04-22,62,60,57,57,52,46,94,76,59,30.05,29.92,29.83,10.0,9.0,4.0,17,12,23.0,0,6,Rain,228,94301
2016-04-23,68,57,46,55,51,46,100,69,56,30.22,30.18,30.16,10.0,10.0,10.0,21,11,,0,3,,322,94301
2016-04-24,68,60,53,52,48,43,88,62,45,30.09,30.04,29.99,10.0,10.0,10.0,23,13,29.0,0,5,,299,94301
2016-04-25,64,56,48,43,40,37,67,51,40,30.05,30.03,30.01,10.0,10.0,10.0,23,13,30.0,0,1,,294,94301
2016-04-26,66,55,44,52,46,39,87,66,48,30.08,30.06,30.05,10.0,10.0,10.0,18,6,,0,3,,316,94301
2016-04-27,62,58,53,54,48,43,82,68,52,29.99,29.93,29.87,10.0,10.0,7.0,23,14,36.0,0,5,,275,94301
2016-04-28,73,62,50,54,50,46,87,62,44,29.94,29.92,29.9,10.0,10.0,10.0,23,10,,0,0,,318,94301
2016-04-29,69,60,50,54,49,46,94,65,46,30.05,30.0,29.93,10.0,9.0,7.0,21,12,34.0,0,1,,281,94301
2016-04-30,80,66,53,46,44,43,67,38,28,29.94,29.86,29.8,10.0,10.0,10.0,21,11,25.0,0,0,,305,94301
2016-05-01,82,68,55,57,50,45,77,50,28,29.9,29.84,29.81,10.0,10.0,10.0,15,6,,0,1,,2,94301
2016-05-02,69,63,57,57,55,54,94,74,64,30.06,30.03,29.99,10.0,9.0,6.0,23,11,,0,3,,345,94301
2016-05-03,69,63,57,57,55,54,88,76,56,30.01,29.96,29.9,10.0,9.0,8.0,14,6,,0,7,,329,94301
2016-05-04,69,62,55,55,54,52,88,74,60,29.91,29.88,29.84,10.0,10.0,10.0,14,4,,0,8,,346,94301
2016-05-05,69,64,59,55,53,50,82,66,49,29.87,29.85,29.82,10.0,10.0,10.0,17,5,,0,7,,302,94301
2016-05-06,62,60,59,55,54,50,88,78,72,29.88,29.87,29.85,10.0,8.0,2.0,8,3,,0,7,Rain,291,94301
2016-05-07,66,62,57,57,55,52,88,76,68,29.97,29.95,29.92,10.0,10.0,10.0,10,7,,0,8,,44,94301
2016-05-08,69,62,55,57,55,54,94,76,64,29.97,29.96,29.93,10.0,10.0,10.0,17,6,23.0,0,6,,342,94301
2016-05-09,69,63,57,57,54,50,88,72,64,29.99,29.96,29.92,10.0,10.0,10.0,21,9,,0,4,,347,94301
2016-05-10,69,63,57,57,56,54,88,77,64,30.01,29.98,29.94,10.0,9.0,6.0,17,8,,0,4,,345,94301
2016-05-11,68,62,57,57,55,54,88,76,60,30.06,30.02,30.0,10.0,9.0,6.0,16,9,,0,4,,343,94301
2016-05-12,69,63,57,55,54,52,88,70,56,30.07,30.03,29.99,10.0,9.0,7.0,21,9,,0,3,,340,94301
2016-05-13,73,66,60,55,51,48,72,60,49,30.04,30.01,29.99,10.0,10.0,10.0,20,9,,0,5,,310,94301
2016-05-14,75,70,62,59,54,48,77,62,38,30.07,30.03,29.99,10.0,10.0,10.0,17,9,25.0,0,5,,344,94301
2016-05-15,71,65,59,57,53,50,82,66,52,30.0,29.98,29.97,10.0,10.0,10.0,22,10,23.0,0,3,,307,94301
2016-05-16,80,66,51,61,55,50,94,65,37,30.01,29.94,29.88,10.0,10.0,10.0,18,8,24.0,0,1,,341,94301
2016-05-17,91,73,55,59,51,46,88,47,23,29.94,29.91,29.87,10.0,10.0,10.0,18,6,,0,0,,322,94301
2016-05-18,80,70,60,63,59,55,82,63,51,29.98,29.94,29.89,10.0,10.0,10.0,17,9,,0,0,,338,94301
2016-05-19,69,64,57,52,47,43,72,54,40,29.93,29.87,29.82,10.0,10.0,8.0,20,12,,0,4,,267,94301
2016-05-20,62,58,55,46,44,43,72,56,48,29.93,29.87,29.83,10.0,10.0,10.0,20,14,23.0,0,6,,276,94301
2016-05-21,71,64,57,52,48,46,77,62,41,30.07,30.03,29.99,10.0,10.0,10.0,17,8,,0,6,,280,94301
2016-05-22,68,60,51,52,49,46,88,61,49,30.12,30.08,30.04,10.0,10.0,10.0,20,9,,0,6,,317,94301
2016-05-23,71,65,59,54,51,48,72,56,43,29.99,29.94,29.9,10.0,10.0,10.0,21,10,,0,4,,317,94301
2016-05-24,73,66,57,55,51,48,77,60,44,30.04,29.99,29.93,10.0,10.0,10.0,22,11,26.0,0,4,,299,94301
2016-05-25,71,64,57,57,52,50,82,66,50,30.14,30.11,30.09,10.0,10.0,10.0,21,10,,0,3,,331,94301
2016-05-26,73,65,57,59,52,46,77,62,50,30.1,30.05,30.01,10.0,10.0,10.0,20,10,23.0,0,1,,339,94301
2016-05-27,77,65,53,61,56,50,88,66,47,29.97,29.9,29.83,10.0,10.0,10.0,17,9,23.0,0,1,,353,94301
2016-05-28,84,72,59,61,56,54,82,56,35,29.85,29.83,29.8,10.0,9.0,6.0,17,8,,0,2,,322,94301
2016-05-29,77,67,57,57,56,52,82,68,50,30.0,29.97,29.94,10.0,9.0,6.0,16,8,,0,1,,343,94301
2016-05-30,77,67,57,59,57,52,88,68,54,30.0,29.95,29.91,10.0,9.0,6.0,16,9,,0,0,,348,94301
2016-05-31,80,70,59,61,57,55,88,63,42,29.89,29.84,29.8,10.0,9.0,1.0,15,6,,0,1,,321,94301
2016-06-01,75,66,57,61,58,54,88,75,57,29.91,29.88,29.86,10.0,10.0,8.0,17,8,,0,2,,334,94301
2016-06-02,78,69,60,61,59,57,88,70,51,30.0,29.98,29.95,10.0,8.0,7.0,14,7,,0,3,,332,94301
2016-06-03,89,74,59,63,60,55,88,59,33,30.0,29.94,29.89,10.0,10.0,10.0,14,6,,0,2,,335,94301
2016-06-04,78,70,62,64,61,59,88,70,54,29.91,29.89,29.86,10.0,10.0,10.0,20,7,,0,5,,333,94301
2016-06-05,77,68,60,61,58,57,88,76,50,29.92,29.87,29.8,10.0,9.0,7.0,21,9,,0,3,,337,94301
2016-06-06,69,64,59,61,58,55,94,77,68,29.84,29.82,29.79,10.0,10.0,10.0,21,9,25.0,0,2,,351,94301
2016-06-07,73,68,62,61,59,57,88,75,64,29.91,29.9,29.89,10.0,10.0,10.0,18,10,24.0,0,4,,357,94301
2016-06-08,82,70,59,59,55,54,82,66,39,29.97,29.95,29.91,10.0,10.0,10.0,20,13,,0,5,,322,94301
2016-06-09,69,64,59,59,56,52,82,72,64,29.98,29.96,29.91,10.0,10.0,10.0,20,11,,0,4,,331,94301
2016-06-10,73,66,59,63,50,45,83,55,40,30.02,29.99,29.95,10.0,10.0,10.0,21,12,,0,2,,309,94301
2016-06-11,84,70,55,54,50,45,82,44,28,29.93,29.9,29.86,10.0,10.0,10.0,21,9,,0,2,,330,94301
2016-06-12,78,68,59,59,58,54,82,62,50,30.04,30.01,29.98,15.0,12.0,10.0,20,10,,0,0,,341,94301
2016-06-13,75,67,59,55,51,48,77,58,38,30.1,30.08,30.06,10.0,10.0,10.0,20,9,26.0,0,2,,308,94301
2016-06-14,68,62,55,48,47,45,72,55,46,30.07,30.03,30.0,10.0,10.0,10.0,15,10,,0,2,,283,94301
2016-06-15,68,62,55,48,45,43,77,53,40,30.06,30.04,29.98,10.0,10.0,10.0,16,10,,0,3,,283,94301
2016-06-16,75,66,57,57,52,46,68,55,41,30.09,30.06,30.02,10.0,10.0,10.0,16,11,,0,2,,338,94301
2016-06-17,75,67,59,59,56,54,82,64,53,30.07,30.06,30.04,10.0,10.0,10.0,17,8,23.0,0,5,,290,94301
2016-06-18,77,67,57,54,52,50,77,52,39,30.2,30.15,30.09,15.0,11.0,10.0,21,8,,0,1,,329,94301
2016-06-19,87,78,69,61,50,43,68,38,25,30.09,30.04,29.99,10.0,10.0,10.0,20,12,25.0,0,3,,326,94301
2016-06-20,82,68,59,59,57,52,82,61,42,30.08,30.05,30.01,10.0,10.0,8.0,18,11,,0,1,,330,94301
2016-06-21,82,70,59,61,59,54,83,62,45,30.05,30.0,29.94,10.0,10.0,10.0,17,8,,0,0,,344,94301
2016-06-22,73,65,57,57,55,48,88,66,41,30.02,30.0,29.97,15.0,10.0,8.0,21,9,,0,0,,334,94301
2016-06-23,82,70,57,57,53,50,88,57,32,30.09,30.07,30.05,10.0,10.0,10.0,17,7,,0,0,,319,94301
2016-06-24,78,68,59,61,58,57,94,69,50,30.1,30.04,29.97,10.0,10.0,10.0,17,11,,0,1,,347,94301
2016-06-25,82,70,59,63,60,54,82,64,45,29.99,29.94,29.9,10.0,10.0,10.0,23,8,23.0,0,0,,337,94301
2016-06-26,78,68,59,61,58,55,88,69,54,29.99,29.97,29.95,10.0,10.0,10.0,21,8,,0,1,,341,94301
2016-06-27,78,68,57,61,58,54,88,65,51,30.03,29.99,29.94,10.0,10.0,10.0,16,10,,0,0,,332,94301
2016-06-28,82,70,57,59,57,54,100,68,42,30.01,29.97,29.93,10.0,10.0,10.0,17,12,,0,0,,332,94301
2016-06-29,69,61,53,59,56,52,94,78,68,30.01,29.97,29.93,10.0,10.0,8.0,17,8,,0,1,,344,94301
2016-06-30,77,68,59,61,58,57,94,72,53,29.92,29.87,29.8,10.0,10.0,10.0,17,8,,0,2,,346,94301
2016-04-01,64,55,46,50,47,41,83,72,60,30.24,30.19,30.16,10.0,10.0,10.0,16,6,20.0,0,0,,354,94041
2016-04-02,71,60,49,54,49,46,89,71,53,30.23,30.18,30.1,10.0,10.0,10.0,16,5,20.0,0,3,,357,94041
2016-04-03,66,60,53,51,48,37,89,64,39,30.19,30.14,30.1,10.0,10.0,10.0,22,6,26.0,0,4,,350,94041
2016-04-04,70,61,52,53,48,43,83,62,40,30.26,30.21,30.18,10.0,10.0,10.0,21,7,25.0,0,1,,3,94041
2016-04-05,80,65,49,49,43,36,86,56,26,30.25,30.18,30.09,10.0,10.0,10.0,16,4,19.0,0,0,,299,94041
2016-04-06,88,71,53,54,48,42,66,48,29,30.15,30.07,29.96,10.0,10.0,10.0,10,3,12.0,0,0,,338,94041
2016-04-07,75,67,59,57,52,47,78,62,45,29.98,29.95,29.91,10.0,10.0,10.0,17,6,20.0,0,0,,14,94041
2016-04-08,65,62,59,57,55,52,90,79,67,29.93,29.9,29.87,10.0,9.0,4.0,10,4,13.0,0.36,7,Rain,340,94041
2016-04-09,64,61,58,57,56,55,93,86,78,29.96,29.91,29.87,10.0,9.0,2.0,14,4,17.0,0.31,8,Rain,27,94041
2016-04-10,59,57,55,55,52,49,93,83,72,30.03,29.93,29.88,10.0,9.0,4.0,10,3,13.0,0.26,8,Rain,273,94041
2016-04-11,68,60,51,53,50,48,89,74,58,30.18,30.09,30.03,10.0,10.0,10.0,16,5,19.0,0,7,,326,94041
2016-04-12,61,56,51,50,48,44,89,75,60,30.27,30.22,30.17,10.0,10.0,10.0,14,4,18.0,0,6,,293,94041
2016-04-13,67,58,48,50,45,39,86,63,40,30.27,30.19,30.1,10.0,10.0,10.0,21,7,25.0,0,1,,337,94041
2016-04-14,65,58,51,50,44,39,77,59,40,30.19,30.14,30.08,10.0,9.0,2.0,21,10,30.0,0.08,3,Rain,299,94041
2016-04-15,71,60,49,44,40,37,80,56,31,30.18,30.14,30.09,10.0,10.0,9.0,18,7,25.0,0,0,,298,94041
2016-04-16,81,65,49,49,42,39,71,48,25,30.12,30.09,30.04,10.0,10.0,10.0,13,4,14.0,0,0,,324,94041
2016-04-17,84,69,53,52,47,42,66,47,28,30.07,30.02,29.98,10.0,10.0,10.0,14,4,17.0,0,0,,340,94041
2016-04-18,86,70,54,53,47,43,66,47,27,30.08,30.04,30.01,10.0,10.0,10.0,21,5,23.0,0,0,,343,94041
2016-04-19,80,68,55,49,43,33,62,41,19,30.05,29.97,29.9,10.0,10.0,10.0,16,5,19.0,0,0,,347,94041
2016-04-20,76,63,49,55,44,33,78,51,23,29.97,29.94,29.9,10.0,10.0,10.0,18,6,21.0,0,0,,337,94041
2016-04-21,76,67,58,56,53,49,84,66,47,29.95,29.91,29.87,10.0,10.0,10.0,16,6,21.0,0,6,,126,94041
2016-04-22,63,59,54,55,50,43,86,67,48,30.14,29.93,29.85,10.0,8.0,2.0,20,9,25.0,0.35,6,Rain,210,94041
2016-04-23,68,59,49,49,47,45,86,67,48,30.23,30.19,30.15,10.0,10.0,10.0,18,8,24.0,0,1,,319,94041
2016-04-24,69,61,52,49,45,39,77,60,43,30.15,30.07,30.01,10.0,10.0,10.0,22,9,32.0,0,2,,295,94041
2016-04-25,66,58,49,39,37,35,63,49,34,30.07,30.05,30.02,10.0,10.0,10.0,17,9,26.0,0,0,,300,94041
2016-04-26,68,57,45,49,41,35,77,57,37,30.11,30.08,30.05,10.0,10.0,10.0,21,6,25.0,0,0,,343,94041
2016-04-27,63,56,49,53,43,38,72,60,48,30.09,29.97,29.89,10.0,10.0,8.0,21,9,31.0,0.05,4,,271,94041
2016-04-28,74,62,49,52,46,43,77,59,41,30.0,29.94,29.9,10.0,10.0,10.0,23,7,27.0,0,0,,322,94041
2016-04-29,72,61,49,52,46,43,83,63,42,30.06,30.01,29.95,10.0,10.0,10.0,23,8,29.0,0,0,,312,94041
2016-04-30,78,66,53,51,42,38,66,47,27,29.96,29.89,29.82,10.0,10.0,10.0,18,7,24.0,0,0,,301,94041
2016-05-01,83,69,54,55,47,42,66,45,24,29.97,29.86,29.81,10.0,10.0,10.0,20,6,22.0,0,0,,1,94041
2016-05-02,71,63,55,55,52,47,86,71,55,30.07,30.03,29.98,10.0,10.0,7.0,21,7,25.0,0,3,,344,94041
2016-05-03,72,64,56,54,52,50,80,67,53,30.06,29.99,29.92,10.0,10.0,9.0,14,7,17.0,0,4,,344,94041
2016-05-04,70,63,56,53,52,48,86,71,55,29.94,29.89,29.85,10.0,10.0,10.0,16,6,19.0,0,4,,357,94041
2016-05-05,71,64,56,52,50,47,80,61,41,29.91,29.88,29.85,10.0,10.0,10.0,17,6,20.0,0,6,,197,94041
2016-05-06,61,58,54,56,51,49,86,78,69,29.91,29.88,29.86,10.0,10.0,7.0,13,4,16.0,0.11,7,Rain,77,94041
2016-05-07,64,59,54,54,52,50,83,74,65,29.99,29.96,29.9,10.0,10.0,9.0,12,5,15.0,0.02,6,Rain,25,94041
2016-05-08,70,64,57,55,53,51,86,72,57,30.0,29.97,29.95,10.0,10.0,10.0,20,8,22.0,0,6,,356,94041
2016-05-09,69,63,56,53,51,49,86,72,57,30.01,29.98,29.94,10.0,10.0,10.0,20,7,23.0,0,5,,359,94041
2016-05-10,72,64,56,56,53,51,86,72,57,30.02,29.99,29.96,10.0,9.0,7.0,16,6,20.0,0,4,,342,94041
2016-05-11,69,63,56,56,53,51,86,73,59,30.07,30.03,30.0,10.0,10.0,7.0,15,6,18.0,0,3,,338,94041
2016-05-12,67,62,56,54,52,50,86,72,58,30.08,30.05,30.0,10.0,10.0,7.0,17,7,20.0,0,4,,352,94041
2016-05-13,69,62,54,51,49,45,83,68,52,30.06,30.03,30.0,10.0,10.0,9.0,21,8,24.0,0,5,,331,94041
2016-05-14,73,63,53,55,49,44,78,66,53,30.08,30.05,30.0,10.0,10.0,10.0,25,8,30.0,0,4,,319,94041
2016-05-15,73,65,56,54,51,47,83,65,47,30.02,30.0,29.98,10.0,10.0,10.0,23,8,27.0,0,3,,328,94041
2016-05-16,76,65,54,58,52,48,83,65,46,30.02,29.97,29.9,10.0,10.0,10.0,22,8,25.0,0,1,,4,94041
2016-05-17,90,73,55,58,51,43,83,51,19,29.96,29.92,29.88,10.0,10.0,10.0,16,5,21.0,0,0,,334,94041
2016-05-18,82,71,60,59,56,52,78,57,36,29.99,29.95,29.9,10.0,10.0,9.0,18,7,22.0,0,0,,343,94041
2016-05-19,72,64,55,53,47,40,83,58,33,29.95,29.9,29.83,10.0,10.0,9.0,17,7,25.0,0,0,,222,94041
2016-05-20,64,59,53,45,42,40,66,55,43,29.98,29.88,29.82,10.0,10.0,10.0,20,10,29.0,0,3,,275,94041
2016-05-21,64,59,53,50,45,42,72,60,48,30.12,30.03,29.97,10.0,10.0,10.0,15,5,19.0,T,5,Rain,277,94041
2016-05-22,69,58,47,47,45,42,80,62,44,30.14,30.1,30.05,10.0,10.0,10.0,22,6,27.0,0,4,,309,94041
2016-05-23,71,61,50,51,47,43,83,64,44,30.04,29.97,29.91,10.0,10.0,10.0,23,7,27.0,0,1,,330,94041
2016-05-24,71,63,55,51,48,46,77,61,44,30.09,29.99,29.92,10.0,10.0,10.0,20,8,27.0,0,5,,308,94041
2016-05-25,72,64,55,54,49,47,72,61,49,30.17,30.12,30.09,10.0,10.0,9.0,24,7,28.0,0,3,,303,94041
2016-05-26,74,64,53,54,49,47,77,62,47,30.15,30.08,30.02,10.0,10.0,10.0,23,7,27.0,0,1,,323,94041
2016-05-27,77,65,52,55,52,46,89,68,46,30.02,29.93,29.85,10.0,10.0,10.0,20,7,24.0,0,0,,351,94041
2016-05-28,86,72,57,57,52,47,80,54,27,29.91,29.85,29.81,10.0,10.0,9.0,18,7,23.0,0,0,,344,94041
2016-05-29,80,68,55,56,53,48,86,63,39,30.01,29.97,29.91,10.0,10.0,9.0,18,7,23.0,0,0,,360,94041
2016-05-30,78,66,54,57,53,49,86,67,48,30.01,29.98,29.93,10.0,10.0,10.0,16,6,20.0,0,0,,344,94041
2016-05-31,84,71,58,59,55,50,87,64,40,29.93,29.87,29.81,10.0,10.0,7.0,15,5,17.0,0,2,,328,94041
2016-06-01,77,68,58,58,56,54,86,68,50,29.96,29.89,29.84,10.0,10.0,10.0,16,7,20.0,0,0,,335,94041
2016-06-02,82,71,60,58,55,48,84,59,33,30.01,29.98,29.95,10.0,9.0,7.0,14,6,16.0,0,3,,343,94041
2016-06-03,92,76,59,58,54,47,78,51,23,30.01,29.96,29.9,10.0,10.0,10.0,15,5,19.0,0,0,,330,94041
2016-06-04,84,73,61,62,57,55,90,65,40,29.94,29.9,29.88,10.0,10.0,10.0,17,6,22.0,0,0,,332,94041
2016-06-05,82,71,59,59,56,53,90,64,37,29.94,29.89,29.82,10.0,10.0,10.0,16,7,20.0,0,4,,355,94041
2016-06-06,73,66,58,57,55,54,87,72,57,29.89,29.85,29.81,10.0,10.0,8.0,21,9,25.0,0,4,,1,94041
2016-06-07,74,68,61,58,56,54,84,71,57,29.97,29.92,29.88,10.0,10.0,10.0,21,9,25.0,0,5,,21,94041
2016-06-08,74,66,58,55,53,52,84,69,53,29.99,29.96,29.93,10.0,10.0,10.0,21,10,25.0,0,3,,336,94041
2016-06-09,70,64,57,55,52,49,80,69,57,30.0,29.96,29.93,10.0,10.0,10.0,20,8,24.0,0,3,,332,94041
2016-06-10,75,65,55,52,48,40,80,56,31,30.03,29.99,29.94,10.0,10.0,10.0,24,8,29.0,0,0,,346,94041
2016-06-11,85,69,53,56,48,42,77,52,26,29.96,29.92,29.87,10.0,10.0,10.0,21,6,24.0,0,0,,345,94041
2016-06-12,79,69,59,56,53,47,78,62,45,30.09,30.01,29.92,10.0,10.0,10.0,20,8,24.0,0,0,,2,94041
2016-06-13,75,66,57,53,50,46,80,62,44,30.12,30.09,30.07,10.0,10.0,10.0,23,10,28.0,0,1,,352,94041
2016-06-14,72,64,56,44,42,41,61,49,37,30.09,30.06,30.01,10.0,10.0,10.0,16,11,25.0,0,0,,284,94041
2016-06-15,69,61,53,45,42,39,66,50,33,30.1,30.04,29.99,10.0,10.0,10.0,17,8,24.0,0,1,,278,94041
2016-06-16,76,65,53,53,48,43,72,55,38,30.11,30.08,30.03,10.0,10.0,10.0,20,7,23.0,0,1,,10,94041
2016-06-17,79,69,58,58,54,50,78,62,46,30.12,30.07,30.04,10.0,10.0,10.0,21,8,26.0,T,4,Rain,348,94041
2016-06-18,77,67,57,52,48,45,72,53,33,30.21,30.15,30.11,10.0,10.0,10.0,18,7,22.0,0,0,,337,94041
2016-06-19,87,73,58,57,47,36,72,48,23,30.12,30.07,30.0,10.0,10.0,10.0,21,8,24.0,0,0,,347,94041
2016-06-20,80,69,58,55,52,47,78,54,30,30.09,30.07,30.03,10.0,10.0,10.0,21,8,24.0,0,0,,352,94041
2016-06-21,85,72,58,57,53,47,78,53,28,30.06,30.02,29.96,10.0,10.0,10.0,20,7,22.0,0,0,,351,94041
2016-06-22,72,65,57,55,52,48,80,68,55,30.05,30.01,29.99,10.0,10.0,9.0,17,8,21.0,0,0,,9,94041
2016-06-23,80,68,55,54,51,46,86,61,35,30.11,30.08,30.05,10.0,10.0,10.0,24,8,28.0,0,0,,9,94041
2016-06-24,78,68,57,56,54,50,93,66,39,30.12,30.07,29.99,10.0,10.0,10.0,21,7,23.0,0,2,,3,94041
2016-06-25,86,73,59,57,55,51,73,56,39,30.0,29.97,29.92,10.0,10.0,10.0,21,7,25.0,0,0,,344,94041
2016-06-26,83,71,59,59,54,52,78,58,37,30.01,29.98,29.95,10.0,10.0,9.0,17,7,21.0,0,0,,343,94041
2016-06-27,82,70,58,59,55,50,80,60,39,30.04,30.0,29.96,10.0,10.0,10.0,17,7,20.0,0,0,,339,94041
2016-06-28,78,68,58,56,55,52,78,61,43,30.03,29.99,29.95,10.0,10.0,9.0,17,7,20.0,0,0,,338,94041
2016-06-29,70,63,56,55,53,52,86,73,59,30.02,29.97,29.94,10.0,10.0,9.0,18,9,22.0,0,3,,1,94041
2016-06-30,80,68,56,57,54,51,86,66,45,29.94,29.88,29.81,10.0,9.0,7.0,16,6,19.0,0,2,,353,94041
2016-04-01,66,56,45,50,46,41,86,69,52,30.22,30.17,30.14,10.0,10.0,10.0,16,6,18.0,0,2,,299,95113
2016-04-02,73,63,53,53,49,47,89,68,47,30.21,30.16,30.07,10.0,10.0,10.0,18,5,23.0,0,6,,307,95113
2016-04-03,68,61,54,51,49,41,89,68,46,30.17,30.12,30.09,10.0,9.0,7.0,20,6,25.0,0,6,,317,95113
2016-04-04,71,62,52,51,48,42,83,59,35,30.24,30.2,30.17,10.0,10.0,10.0,20,7,25.0,0,3,,305,95113
2016-04-05,82,66,49,49,44,36,83,52,21,30.24,30.16,30.06,10.0,10.0,10.0,18,7,23.0,0,1,,295,95113
2016-04-06,88,71,53,53,46,41,66,44,21,30.13,30.05,29.94,10.0,10.0,10.0,13,4,14.0,0,3,,221,95113
2016-04-07,78,69,59,52,47,36,75,49,22,29.96,29.93,29.88,10.0,10.0,10.0,21,10,28.0,0,5,,140,95113
2016-04-08,66,62,58,58,55,52,93,83,72,29.91,29.89,29.86,10.0,8.0,3.0,12,4,14.0,0.39,7,Rain,301,95113
2016-04-09,65,62,58,58,56,55,93,83,73,29.95,29.9,29.86,10.0,8.0,3.0,16,5,21.0,0.35,8,Rain,348,95113
2016-04-10,60,58,55,56,53,49,93,84,75,30.02,29.91,29.87,10.0,7.0,2.0,12,5,15.0,0.24,8,Rain,335,95113
2016-04-11,70,62,54,53,50,48,89,71,53,30.16,30.08,30.02,10.0,10.0,9.0,15,5,21.0,T,7,,325,95113
2016-04-12,61,57,52,52,49,45,86,75,64,30.25,30.21,30.16,10.0,10.0,10.0,14,7,21.0,0,7,,312,95113
2016-04-13,68,59,49,48,45,42,86,66,45,30.25,30.18,30.09,10.0,10.0,10.0,21,7,26.0,0,3,,316,95113
2016-04-14,65,58,51,49,44,39,89,66,43,30.17,30.12,30.06,10.0,9.0,2.0,25,13,33.0,0.07,5,Rain,280,95113
2016-04-15,71,60,48,46,42,39,80,57,33,30.15,30.12,30.07,10.0,10.0,10.0,24,10,30.0,0,2,,283,95113
2016-04-16,80,65,49,46,42,39,80,52,23,30.11,30.07,30.03,10.0,10.0,10.0,16,6,22.0,0,1,,308,95113
2016-04-17,87,70,52,50,42,28,66,40,13,30.06,30.01,29.96,10.0,10.0,10.0,17,5,24.0,0,1,,185,95113
2016-04-18,91,72,53,48,42,34,56,35,14,30.06,30.02,29.99,10.0,10.0,10.0,22,6,25.0,0,3,,347,95113
2016-04-19,82,69,56,48,40,24,60,37,13,30.03,29.95,29.88,10.0,10.0,10.0,15,5,19.0,0,4,,290,95113
2016-04-20,79,65,50,57,42,24,78,47,15,29.95,29.93,29.89,10.0,10.0,10.0,17,8,24.0,0,3,,30,95113
2016-04-21,77,67,57,55,53,50,86,64,41,29.94,29.9,29.86,10.0,10.0,10.0,18,10,23.0,T,6,,139,95113
2016-04-22,64,59,54,55,50,43,93,71,48,30.12,29.93,29.84,10.0,8.0,1.0,22,11,29.0,0.42,7,Rain,194,95113
2016-04-23,68,58,48,49,47,43,86,64,42,30.21,30.17,30.14,10.0,10.0,10.0,22,9,26.0,0,3,,293,95113
2016-04-24,68,60,51,49,45,38,77,61,44,30.14,30.05,29.99,10.0,10.0,10.0,26,13,33.0,0,5,,289,95113
2016-04-25,66,57,47,44,38,34,71,51,31,30.06,30.03,30.01,10.0,10.0,10.0,22,12,29.0,0,1,,295,95113
2016-04-26,69,57,45,46,42,37,83,61,39,30.09,30.06,30.04,10.0,10.0,9.0,22,8,26.0,0,5,,305,95113
2016-04-27,63,56,49,54,46,40,77,64,51,30.08,29.95,29.87,10.0,9.0,2.0,25,11,33.0,0.06,6,Rain,255,95113
2016-04-28,73,61,49,50,46,44,80,59,38,29.99,29.92,29.88,10.0,10.0,10.0,24,8,29.0,0,3,,304,95113
2016-04-29,71,61,51,52,47,43,83,63,42,30.05,30.0,29.94,10.0,10.0,6.0,26,9,31.0,0,4,,229,95113
2016-04-30,78,64,50,49,44,39,77,52,26,29.95,29.87,29.79,10.0,10.0,10.0,23,10,29.0,0,0,,298,95113
2016-05-01,84,69,54,49,45,42,72,49,26,29.96,29.84,29.8,10.0,10.0,10.0,20,7,24.0,0,1,,154,95113
2016-05-02,74,63,52,56,51,48,89,68,46,30.06,30.01,29.97,10.0,10.0,6.0,21,8,27.0,0,3,,263,95113
2016-05-03,73,64,55,54,52,47,86,64,41,30.04,29.97,29.91,10.0,9.0,5.0,13,6,16.0,0,7,,309,95113
2016-05-04,72,64,56,55,52,48,86,70,53,29.92,29.88,29.83,10.0,9.0,7.0,16,7,19.0,0,7,,290,95113
2016-05-05,71,63,55,53,50,47,80,62,44,29.89,29.86,29.84,10.0,10.0,10.0,17,10,21.0,0,7,,174,95113
2016-05-06,61,58,54,55,51,49,87,76,64,29.9,29.86,29.84,10.0,9.0,4.0,15,7,19.0,0.17,7,Rain,109,95113
2016-05-07,65,60,54,54,51,50,89,75,60,29.98,29.94,29.89,10.0,10.0,10.0,13,7,20.0,0.01,6,Rain,147,95113
2016-05-08,71,64,56,55,52,51,86,72,57,29.99,29.96,29.93,10.0,10.0,10.0,17,7,21.0,T,6,,292,95113
2016-05-09,72,64,56,54,52,51,93,73,53,29.99,29.96,29.92,10.0,10.0,9.0,17,7,23.0,T,5,Rain,321,95113
2016-05-10,75,66,56,57,53,51,86,70,53,30.0,29.97,29.93,10.0,9.0,7.0,16,6,20.0,0,5,,309,95113
2016-05-11,73,63,53,55,53,50,93,73,53,30.05,30.02,29.99,10.0,8.0,3.0,14,7,20.0,0,4,,252,95113
2016-05-12,71,64,57,54,52,50,80,69,57,30.06,30.03,29.98,10.0,9.0,4.0,17,7,20.0,0,6,,308,95113
2016-05-13,70,62,53,52,50,45,80,67,53,30.05,30.01,29.99,10.0,9.0,5.0,18,8,22.0,0,5,,321,95113
2016-05-14,74,63,51,55,50,45,78,64,49,30.07,30.03,29.98,10.0,10.0,10.0,25,9,30.0,0,5,,299,95113
2016-05-15,73,66,58,54,52,49,80,67,53,30.01,29.98,29.96,10.0,10.0,10.0,21,10,26.0,0,4,,310,95113
2016-05-16,79,67,55,54,51,49,83,61,39,30.01,29.95,29.88,10.0,10.0,9.0,21,7,26.0,0,2,,330,95113
2016-05-17,89,73,56,54,49,44,80,51,22,29.94,29.91,29.86,10.0,10.0,9.0,20,7,23.0,0,1,,299,95113
2016-05-18,88,74,60,59,53,49,73,51,29,29.97,29.93,29.88,10.0,10.0,10.0,16,6,20.0,0,2,,292,95113
2016-05-19,73,64,55,53,47,40,86,62,37,29.94,29.88,29.82,10.0,10.0,7.0,22,8,26.0,0,4,,243,95113
2016-05-20,65,59,53,44,42,40,66,55,43,29.96,29.87,29.81,10.0,10.0,10.0,20,12,27.0,T,4,,262,95113
2016-05-21,63,58,52,50,46,43,72,62,51,30.1,30.02,29.96,10.0,10.0,7.0,14,5,14.0,0.14,6,Rain,274,95113
2016-05-22,69,59,48,48,45,42,86,67,48,30.12,30.08,30.04,10.0,10.0,10.0,22,8,26.0,T,5,,283,95113
2016-05-23,70,60,50,52,48,43,80,64,47,30.03,29.95,29.89,10.0,10.0,10.0,21,9,25.0,0,4,,312,95113
2016-05-24,70,63,55,51,49,48,80,64,47,30.06,29.98,29.91,10.0,10.0,10.0,23,9,28.0,0,5,,295,95113
2016-05-25,72,64,56,54,49,47,72,63,53,30.15,30.11,30.07,10.0,10.0,10.0,20,8,26.0,0,4,,281,95113
2016-05-26,78,64,50,56,50,45,77,59,40,30.14,30.06,30.01,10.0,10.0,9.0,21,8,25.0,0,1,,336,95113
2016-05-27,80,67,53,54,50,48,89,64,39,30.01,29.92,29.83,10.0,9.0,6.0,20,9,23.0,0,2,,163,95113
2016-05-28,87,74,60,54,50,44,78,50,22,29.9,29.83,29.8,10.0,10.0,10.0,18,7,25.0,0,3,,293,95113
2016-05-29,83,69,55,57,52,48,83,59,35,30.0,29.95,29.9,10.0,10.0,9.0,20,8,23.0,0,1,,235,95113
2016-05-30,83,69,54,59,53,50,89,63,36,30.0,29.95,29.9,10.0,10.0,7.0,17,8,22.0,0,1,,267,95113
2016-05-31,89,74,58,57,54,46,87,58,29,29.91,29.85,29.78,10.0,10.0,7.0,17,6,20.0,0,1,,299,95113
2016-06-01,82,71,59,58,54,50,84,63,42,29.94,29.87,29.82,10.0,10.0,10.0,16,7,20.0,0,3,,281,95113
2016-06-02,86,71,55,57,54,51,93,64,34,30.0,29.96,29.94,10.0,10.0,7.0,14,6,18.0,0,1,,296,95113
2016-06-03,95,78,60,57,52,48,78,51,23,30.0,29.95,29.88,10.0,10.0,10.0,17,6,20.0,0,3,,284,95113
2016-06-04,89,75,61,62,58,49,78,59,40,29.91,29.88,29.85,10.0,10.0,10.0,17,6,21.0,0,4,,293,95113
2016-06-05,88,74,59,59,55,48,84,56,27,29.93,29.88,29.79,10.0,10.0,10.0,21,7,22.0,0,3,,308,95113
2016-06-06,77,67,57,58,55,52,87,69,50,29.87,29.82,29.78,10.0,10.0,6.0,16,7,21.0,0,4,,282,95113
2016-06-07,79,69,59,59,55,54,84,67,50,29.96,29.9,29.86,10.0,10.0,8.0,20,9,23.0,0,6,,347,95113
2016-06-08,74,67,60,55,54,53,84,67,49,29.96,29.95,29.91,10.0,10.0,10.0,20,10,23.0,0,6,,317,95113
2016-06-09,72,66,59,55,53,50,78,68,57,29.98,29.95,29.91,10.0,10.0,10.0,17,9,22.0,0,5,,310,95113
2016-06-10,73,65,56,51,49,45,83,62,40,30.03,29.98,29.93,10.0,10.0,10.0,22,8,31.0,0,3,,324,95113
2016-06-11,86,70,53,50,47,44,77,53,28,29.94,29.91,29.86,10.0,10.0,10.0,22,8,26.0,0,3,,304,95113
2016-06-12,84,72,59,57,52,49,75,55,34,30.06,29.99,29.9,10.0,10.0,10.0,18,12,21.0,0,1,,148,95113
2016-06-13,75,67,58,53,50,47,80,61,41,30.1,30.08,30.05,10.0,10.0,10.0,22,11,26.0,0,2,,210,95113
2016-06-14,72,63,54,46,44,40,67,52,37,30.07,30.04,29.99,10.0,10.0,10.0,23,9,29.0,0,3,Rain,298,95113
2016-06-15,70,61,51,46,42,39,71,52,33,30.09,30.03,29.97,10.0,10.0,10.0,21,9,28.0,0,2,,277,95113
2016-06-16,77,65,52,53,48,43,77,58,38,30.09,30.06,30.01,10.0,10.0,10.0,21,8,26.0,0,2,,347,95113
2016-06-17,79,69,58,58,54,52,80,62,43,30.1,30.06,30.03,10.0,10.0,10.0,21,10,27.0,T,4,,5,95113
2016-06-18,77,68,58,55,50,43,78,58,37,30.19,30.14,30.09,10.0,10.0,10.0,20,9,24.0,0,2,,312,95113
2016-06-19,87,73,59,55,49,43,73,47,21,30.11,30.05,29.99,10.0,10.0,10.0,22,8,28.0,0,3,,309,95113
2016-06-20,85,72,59,54,47,38,78,49,19,30.07,30.05,30.02,10.0,10.0,10.0,20,8,25.0,0,2,,307,95113
2016-06-21,90,75,59,55,51,45,78,50,22,30.05,30.0,29.94,10.0,10.0,10.0,18,7,23.0,0,1,,300,95113
2016-06-22,75,66,56,55,52,50,80,63,46,30.03,29.99,29.97,10.0,10.0,8.0,17,7,21.0,0,0,,304,95113
2016-06-23,82,68,54,52,50,47,86,58,30,30.1,30.07,30.03,10.0,10.0,9.0,24,9,28.0,0,0,,324,95113
2016-06-24,82,69,56,55,51,45,86,58,30,30.09,30.04,29.97,10.0,10.0,10.0,20,8,24.0,0,0,,306,95113
2016-06-25,90,75,60,56,53,50,84,56,27,29.98,29.95,29.9,10.0,10.0,10.0,21,7,24.0,0,0,,303,95113
2016-06-26,88,74,59,56,53,45,78,51,23,29.99,29.96,29.93,10.0,10.0,10.0,16,7,19.0,0,1,,297,95113
2016-06-27,87,73,59,57,54,49,84,57,29,30.03,29.98,29.94,10.0,10.0,10.0,16,7,19.0,0,0,,300,95113
2016-06-28,84,72,60,57,56,53,84,61,37,30.01,29.96,29.93,10.0,10.0,10.0,15,8,18.0,0,0,,300,95113
2016-06-29,73,65,56,55,53,51,86,72,57,30.0,29.96,29.93,10.0,10.0,8.0,16,8,21.0,0,1,,308,95113
2016-06-30,86,71,56,57,53,51,80,59,37,29.92,29.86,29.79,10.0,9.0,6.0,17,6,22.0,0,0,,292,95113
